<?xml version="1.0"?>
<!--<!DOCTYPE metadata SYSTEM "http://www.esri.com/metadata/esriprof80.dtd">-->
<metadata xml:lang="en"><Esri><MetaID>{CEEAB0ED-6E44-48D0-849D-53A7D8F902D2}</MetaID><CreaDate>20080728</CreaDate><CreaTime>12221600</CreaTime><SyncOnce>TRUE</SyncOnce><DataProperties><lineage><Process Name="Project_1" ToolSource="E:\programs\ArcGIS\ArcToolbox\Toolboxes\Data Management Tools.tbx\Project" Date="20080728" Time="122216">Project seamounts G:\OOM\Oceanmap_COBI_Loreto\data\seamounts_Project.shp PROJCS['NAD_1927_UTM_Zone_11N',GEOGCS['GCS_North_American_1927',DATUM['D_North_American_1927',SPHEROID['Clarke_1866',6378206.4,294.9786982]],PRIMEM['Greenwich',0.0],UNIT['Degree',0.0174532925199433]],PROJECTION['Transverse_Mercator'],PARAMETER['False_Easting',500000.0],PARAMETER['False_Northing',0.0],PARAMETER['Central_Meridian',-117.0],PARAMETER['Scale_Factor',0.9996],PARAMETER['Latitude_Of_Origin',0.0],UNIT['Meter',1.0]] NAD_1927_To_WGS_1984_1 GEOGCS['GCS_WGS_1984',DATUM['D_WGS_1984',SPHEROID['WGS_1984',6378137.0,298.257223563]],PRIMEM['Greenwich',0.0],UNIT['Degree',0.0174532925199433]]</Process></lineage></DataProperties></Esri></metadata>
